STATE,ST_CASE,VE_TOTAL,VE_FORMS,PVH_INVL,PEDS,PERNOTMVIT,PERMVIT,PERSONS,COUNTY,CITY,DAY,MONTH,YEAR,DAY_WEEK,HOUR,MINUTE,NHS,RUR_URB,FUNC_SYS,RD_OWNER,ROUTE,TWAY_ID,TWAY_ID2,MILEPT,LATITUDE,LONGITUD,SP_JUR,HARM_EV,MAN_COLL,RELJCT1,RELJCT2,TYP_INT,WRK_ZONE,REL_ROAD,LGT_COND,WEATHER1,WEATHER2,WEATHER,SCH_BUS,RAIL,NOT_HOUR,NOT_MIN,ARR_HOUR,ARR_MIN,HOSP_HR,HOSP_MN,CF1,CF2,CF3,FATALS,DRUNK_DR
4,40007,1,1,0,0,0,3,3,27,620,10,1,2016,1,1,32,0,2,4,4,6,8TH ST GISS PKWY,CASTLE DOME AVE,0,32.71319722,-114.606475000000,0,33,0,0,3,3,0,4,3,1,0,1,0,0000000,1,32,1,39,2,0,0,0,0,2,1
4,40022,2,2,0,0,0,3,3,15,0,26,1,2016,3,13,26,1,1,3,1,3,SR-68,,111,35.20615278,-114.403172220000,0,12,1,0,1,1,0,1,1,1,0,1,0,0000000,13,35,13,42,14,28,23,0,0,1,0
4,40040,4,4,0,0,0,7,7,27,0,5,2,2016,6,16,8,0,2,4,2,4,CR-FORTUNA RD,,0,32.66618333,-114.444150000000,0,12,7,0,1,1,0,1,1,1,0,1,0,0000000,16,8,16,12,16,38,14,0,0,1,0
4,40041,2,2,0,0,0,2,2,15,0,8,2,2016,2,23,26,1,2,3,1,3,SR-95,CAMP MOHAVE RD,1283,35.02623056,-114.597961110000,0,12,2,0,3,2,0,1,2,1,0,1,0,0000000,23,28,23,34,23,53,0,0,0,1,1
4,40058,1,1,0,0,0,1,1,12,0,22,2,2016,2,20,21,1,1,1,1,1,I-10,,58,33.62447778,-114.433875000000,0,21,0,1,19,1,0,3,2,1,0,1,0,0000000,20,37,20,56,22,36,0,0,0,1,0
4,40078,2,2,0,0,0,2,2,15,268,19,1,2016,3,5,54,0,2,4,4,6,PALO VERDE BLVD,ACOMA BLVD,0,34.48706944,-114.326983330000,0,12,6,0,2,2,0,1,6,98,0,98,0,0000000,5,56,6,2,6,18,0,0,0,1,0
4,40115,2,2,0,0,0,3,3,27,0,21,3,2016,2,12,34,0,2,4,2,4,CR-SOUTH FRONTAGE RD,,0,32.66989167,-114.441250000000,0,1,0,0,8,1,0,1,1,1,0,1,0,0000000,12,36,12,40,99,99,14,0,0,1,0
4,40150,1,1,0,1,1,2,2,12,387,26,2,2016,6,12,23,1,1,3,1,3,SR-95 CENTRAL BLVD,,9,33.67825833,-114.217047220000,0,15,0,0,1,1,0,1,1,1,0,1,0,0000000,12,35,12,45,14,30,16,0,0,1,0
4,40165,1,1,0,0,0,2,2,12,387,1,4,2016,6,22,6,1,1,1,1,1,I-10 RAMP,,172,33.66033056,-114.240191670000,0,5,0,1,20,1,0,1,3,1,0,1,0,0000000,22,15,22,35,23,28,0,0,0,1,0
4,40175,1,1,0,0,0,2,2,15,0,8,4,2016,6,23,25,1,1,1,1,1,I-15,,23,36.82910556,-114.011144440000,0,1,0,0,1,1,0,4,2,10,0,10,0,0000000,23,27,23,41,99,99,0,0,0,1,0
4,40179,2,2,0,0,0,3,3,12,0,10,4,2016,1,0,2,1,1,3,1,3,SR-95,,467,34.25614722,-114.146336110000,0,12,6,0,8,1,0,1,2,1,0,1,0,0000000,0,2,0,14,99,99,0,0,0,1,1
4,40191,1,1,0,0,0,1,1,15,59,29,4,2016,6,23,35,0,2,4,4,6,SILVER CREEK RD,,0,35.12132778,-114.579083330000,0,33,0,0,1,1,0,4,2,1,0,1,0,0000000,23,33,23,38,88,88,0,0,0,1,1
4,40196,2,2,0,0,0,4,4,15,0,21,4,2016,5,12,2,1,1,3,1,2,US-93,CR-25 PIERCE FERRY RD,430,35.53422222,-114.355400000000,0,12,6,0,2,3,0,1,1,1,0,1,0,0000000,12,3,12,11,13,0,0,0,0,2,0
4,40252,1,1,0,0,0,1,1,12,0,3,4,2016,1,99,99,1,1,3,1,3,SR-95,MOHAVE RD,338,34.13709167,-114.281055560000,3,99,99,0,99,99,0,99,1,98,0,98,0,0000000,11,40,11,40,12,45,0,0,0,1,0
4,40285,1,1,0,2,2,1,1,12,0,5,5,2016,5,22,25,1,1,3,1,3,SR-95,,365,34.16130556,-114.262950000000,3,8,0,0,1,1,0,1,2,1,0,1,0,0000000,22,23,22,27,99,99,0,0,0,1,0
4,40287,1,1,0,0,0,3,3,15,0,8,5,2016,1,5,29,1,1,1,1,1,I-15,,7,36.82098611,-114.038166670000,0,1,0,0,1,1,1,4,4,10,0,10,0,0000000,5,30,5,41,6,2,0,0,0,1,0
4,40288,1,1,0,0,0,1,1,15,268,11,5,2016,4,17,25,0,2,5,4,6,ORO GRANDE BLVD,,0,34.46112500,-114.278902780000,0,58,0,0,1,1,0,1,1,1,0,1,0,0000000,17,25,17,38,17,57,0,0,0,1,1
4,40357,2,2,0,0,0,2,2,27,620,7,6,2016,3,8,14,1,2,1,1,1,I-8,,20,32.70527500,-114.610155560000,0,12,2,0,1,1,0,1,1,1,0,1,0,0000000,8,14,8,19,8,45,0,0,0,2,0
4,40378,1,1,0,0,0,1,1,27,0,25,6,2016,7,6,29,1,2,3,1,2,US-95,,311,32.69937222,-114.488316670000,0,43,0,0,1,1,0,4,1,1,0,1,0,0000000,6,28,6,38,7,19,0,0,0,1,0
4,40380,2,2,0,0,0,2,2,15,0,26,6,2016,1,23,22,1,1,1,1,1,I-40,,112,34.73037500,-114.295105560000,0,12,2,0,1,1,0,1,2,1,0,1,0,0000000,23,22,23,39,88,88,0,0,0,1,1
4,40390,3,3,0,0,0,7,7,15,0,27,6,2016,2,4,48,1,1,1,1,1,I-40,,166,34.75927500,-114.210833330000,0,12,1,0,1,1,0,1,2,1,0,1,0,0000000,4,50,5,0,7,5,27,19,0,1,0
4,40398,2,2,0,0,0,3,3,27,620,20,6,2016,2,10,56,0,2,4,4,6,AVENUE A,22ND ST,0,32.68759722,-114.633261110000,0,12,6,0,2,2,0,1,1,1,0,1,0,0000000,11,0,11,4,11,24,0,0,0,1,0
4,40436,1,1,0,0,0,4,4,12,0,11,7,2016,2,6,45,1,1,3,1,2,US-95,,599,33.03689722,-114.289244440000,0,1,0,0,1,1,0,1,1,1,0,1,0,0000000,6,51,7,24,8,30,0,0,0,1,0
4,40441,2,2,0,0,0,6,6,15,0,11,7,2016,2,22,54,1,1,3,1,2,US-93,WILLOW BEACH RD,159,35.86365556,-114.603080560000,0,12,6,0,2,2,0,1,2,1,0,1,0,0000000,22,54,23,15,0,40,0,0,0,1,0
4,40445,2,2,0,0,0,2,2,27,0,15,7,2016,6,3,7,1,2,3,1,2,US-95,,421,32.79676111,-114.381125000000,0,12,2,0,1,1,0,1,2,1,0,1,0,0000000,3,10,3,24,88,88,0,0,0,1,0
4,40452,1,1,0,0,0,3,3,15,0,21,7,2016,5,20,8,1,1,3,1,2,US-93,,221,35.79808333,-114.533186110000,0,42,0,0,1,1,0,4,5,1,0,1,0,0000000,20,12,20,36,21,51,0,0,0,1,0
4,40454,1,1,0,0,0,1,1,15,0,23,7,2016,7,6,19,0,1,6,2,4,CR-10 OATMAN HWY,,0,34.74232500,-114.484708330000,0,5,0,0,1,1,0,4,6,1,0,1,0,0000000,6,19,6,34,88,88,0,0,0,1,0
4,40456,2,2,0,0,0,8,8,15,0,24,7,2016,1,13,40,1,1,3,1,2,US-93,CR-PIERCE FERRY RD,430,35.53420000,-114.355447220000,0,12,6,0,2,2,0,1,1,1,0,1,0,0000000,13,38,14,20,88,88,0,0,0,4,0
4,40458,1,1,0,0,0,8,8,15,0,25,7,2016,2,13,10,1,1,1,1,1,I-40,,123,34.73078056,-114.276022220000,0,1,0,0,1,1,0,3,1,1,0,1,0,0000000,13,11,13,34,99,99,0,0,0,1,0
4,40459,2,1,1,0,0,1,1,27,0,26,7,2016,3,99,99,0,2,7,98,5,34TH ST,,0,32.66675833,-114.415258330000,0,14,0,0,1,1,0,4,6,99,0,99,0,0000000,18,10,18,15,88,88,0,0,0,1,1
4,40462,1,1,0,0,0,1,1,27,0,31,7,2016,1,19,37,0,1,7,98,5,LEVEE RD,,0,32.72762222,-114.554366670000,0,1,0,0,1,1,0,4,5,1,0,1,0,0000000,19,40,19,56,88,88,6,0,0,1,1
4,40465,2,2,0,0,0,9,9,15,0,30,7,2016,7,16,5,1,1,3,1,2,US-93,,280,35.72205556,-114.486311110000,0,12,6,0,7,1,0,1,1,1,0,1,0,0000000,16,7,16,25,17,32,0,0,0,3,0
4,40471,1,1,0,0,0,1,1,15,0,15,7,2016,6,23,16,0,1,7,98,5,WILLOW RD,,0,34.90257500,-114.523272220000,0,35,0,0,1,1,0,4,6,1,0,1,0,0000000,99,98,99,98,88,88,0,0,0,1,0
4,40473,1,1,0,1,1,1,1,15,0,4,7,2016,2,20,24,1,1,3,1,3,SR-68 RAMP 26A,,274,35.21917778,-114.121683330000,0,8,0,1,5,1,0,8,2,1,0,1,0,0000000,20,30,20,41,88,88,0,0,0,1,1
4,40487,1,1,0,0,0,1,1,15,0,1,8,2016,2,6,50,0,1,6,2,4,CR-143 TEMPLE BAR RD,,0,35.91131111,-114.510094440000,0,35,0,0,1,1,0,4,4,99,0,99,0,0000000,6,50,7,23,9,0,0,0,0,1,0
4,40497,1,1,0,0,0,4,4,15,0,9,8,2016,3,11,9,1,1,3,1,3,SR-95,,1227,34.94551111,-114.597955560000,3,1,0,0,1,1,0,1,1,1,0,1,0,0000000,11,9,11,19,11,36,0,0,0,2,1
4,40503,1,1,0,0,0,1,1,15,0,14,8,2016,1,11,14,1,1,3,1,3,SR-95,,533,34.30412222,-114.095025000000,0,1,0,0,1,1,0,4,1,1,0,1,0,0000000,11,16,11,26,88,88,0,0,0,1,0
4,40504,1,1,0,0,0,2,2,15,0,15,8,2016,2,5,42,0,1,5,2,4,CR-PIERCE FERRY RD,,0,35.66881389,-114.199088890000,0,1,0,0,1,1,0,4,4,1,0,1,0,0000000,5,36,5,51,99,99,0,0,0,1,0
4,40511,1,1,0,0,0,1,1,15,0,23,8,2016,3,16,57,1,1,3,1,2,US-93,,325,35.66300000,-114.452102780000,0,1,0,0,1,1,0,4,1,1,0,1,0,0000000,16,57,17,19,88,88,0,0,0,1,0
4,40513,2,2,0,0,0,2,2,15,0,24,8,2016,4,22,9,1,1,3,1,3,SR-68,,249,35.21982222,-114.170969440000,0,12,2,0,1,1,0,1,3,1,0,1,0,0000000,22,9,22,16,0,10,0,0,0,1,1
4,40537,1,1,0,0,0,1,1,12,0,25,6,2016,7,13,56,0,1,5,1,3,SR-72,,89,33.98403056,-114.065730560000,0,38,0,0,1,1,0,4,1,1,0,1,0,0000000,13,56,14,18,16,0,0,0,0,1,0
4,40578,3,3,0,0,0,5,5,15,59,30,9,2016,6,16,48,1,2,3,1,3,SR-95,WOLF CT,1296,35.04173333,-114.591441670000,0,12,7,0,2,3,0,1,1,1,0,1,0,0000000,16,49,16,54,16,58,0,0,0,2,1
4,40581,3,3,0,0,0,3,3,15,0,23,9,2016,6,20,40,1,2,3,1,3,SR-95 MOHAVE VALLEY HWY,AZTEC RD,1276,35.01789444,-114.597969440000,0,12,99,0,2,2,0,1,3,1,0,1,0,0000000,20,41,20,50,99,99,0,0,0,1,1
4,40582,2,2,0,0,0,3,3,12,0,24,9,2016,7,13,12,1,1,3,1,3,SR-95,,261,34.02937778,-114.256769440000,3,12,6,0,1,1,0,1,1,1,0,1,0,0000000,13,12,13,12,88,88,0,0,0,2,0
4,40676,2,2,0,0,0,3,3,15,0,22,10,2016,7,17,32,1,1,3,1,3,SR-95,,870,34.65197500,-114.319250000000,0,12,2,0,1,1,0,1,1,1,0,1,0,0000000,17,34,17,47,88,88,0,0,0,3,0
4,40696,3,3,0,0,0,5,5,27,620,2,10,2016,1,6,50,1,2,3,4,3,SR-8B 32ND ST,CATALINA DR,39,32.66938889,-114.619597220000,0,12,6,0,2,2,0,1,1,1,0,1,0,0000000,6,51,6,57,7,11,0,0,0,1,0
4,40718,2,2,0,0,0,2,2,15,59,8,11,2016,3,10,58,1,2,3,1,3,SR-95 MOHAVE VALLEY HWY,NEWBERRY DR,1327,35.08789167,-114.597986110000,0,12,6,0,2,2,0,1,1,1,0,1,0,0000000,11,3,11,5,11,25,0,0,0,1,0
4,40721,1,1,0,0,0,2,2,15,0,9,11,2016,4,5,30,1,1,3,1,2,US-93,,372,35.60754444,-114.407136110000,0,1,0,0,1,1,0,4,2,1,0,1,0,0000000,5,30,5,50,99,99,0,0,0,1,0
4,40759,1,1,0,1,1,1,1,15,0,24,10,2016,2,17,15,0,1,7,98,5,HERMIT DR,,0,35.33106944,-114.245650000000,0,8,0,0,1,1,0,2,2,10,0,10,0,0000000,17,19,17,53,88,88,0,0,0,1,0
4,40781,2,2,0,0,0,4,4,15,0,30,11,2016,4,12,22,1,1,3,1,3,SR-95,,1185,34.88387222,-114.597794440000,3,12,2,0,1,1,0,1,1,1,0,1,0,0000000,12,22,12,28,13,20,0,0,0,4,0
4,40803,1,1,0,1,1,1,1,15,59,1,12,2016,5,22,52,1,2,3,1,3,SR-95,,1325,35.08207778,-114.596827780000,0,8,0,0,1,1,0,1,3,10,0,10,0,0000000,22,58,23,0,23,17,0,0,0,1,0
4,40804,2,2,0,0,0,2,2,27,620,2,12,2016,6,17,35,0,2,5,4,6,4TH AVE,,0,32.66209722,-114.624352780000,0,12,6,0,8,1,0,1,5,1,0,1,0,0000000,17,37,17,41,17,56,0,0,0,1,0
4,40822,1,1,0,0,0,1,1,27,620,21,12,2016,4,3,40,0,2,4,4,6,AVENUE B,1ST ST,0,32.72521111,-114.650372220000,0,33,0,0,3,3,0,4,3,10,0,10,0,0000000,3,40,3,48,88,88,0,0,0,1,1
4,40823,1,1,0,0,0,1,1,15,0,22,12,2016,5,9,8,1,1,3,1,2,US-93,,212,35.80875833,-114.542272220000,0,43,0,0,1,1,0,3,1,2,0,2,0,0000000,9,12,9,47,88,88,0,0,0,1,0
4,40824,1,1,0,1,1,1,1,27,620,23,12,2016,6,9,14,1,2,3,4,3,SR-8B 4TH AVE,4TH ST,7,32.71979444,-114.624511110000,0,8,0,0,3,2,0,1,1,10,0,10,0,0000000,9,15,9,17,9,29,0,0,0,1,0